SEQ_NO,MEDIA_TY,TITLE_NM,category,bool,name,ref,DATE,PLACE_NM,EXP,PLACE_TY,RELATE_PLACE_DC,OPER_TIME,REST_TIME,RSTDE_GUID_CN,ADDR,LC_LA,LC_LO,TEL_NO,LAST_UPDT_DE
1,drama,구르미 그린 달빛,person,TRUE,익종 (翼宗),KBS 2TV,1800~1834,창덩궁연경당,"효명세자가 궁궐의 영건에 힘을 기울여 지은 건물로, 조선 후기 상류 주택의 양식을 잘 보여주는 곳입니다.",cafe,6회에서 김은희(한예리)와 안효석(이종원)이 윤태형(김태호)의 은신처에서 서울로 돌아갈 때 이 카페에 들린다.,매일 09시 - 21시,정보없음,연중무휴,서울 종로구 율곡로 99,,,,
2,drama,구르미 그린 달빛,person,TRUE,익종 (翼宗),KBS 2TV,1800~1834,익종 태봉 석조물,효명세자의 태(胎)를 묻었던 태실과 관련된 석물입니다,,,,,,경기 포천시 영중면 성동리 640-1,,,,
3,drama,구르미 그린 달빛,person,TRUE,익종 (翼宗),KBS 2TV,1800~1834,수릉,경기도 구리시 동구릉에 위치한 문조(효명세자)와 신정왕후의 합장릉입니다. 이곳은 효명세자의 묘로 처음 조성되었다가 추존왕과 왕비의 능인 수릉이 되었습니다.,,,,,,경기 구리시 동구릉로 197,,,,
4,drama,구르미 그린 달빛,person,TRUE,익종 (翼宗),KBS 2TV,1800~1834,경복궁,"익종이 대리청정을 하던 시기에 경복궁 중건을 추진했으며, 그의 뜻을 이어받아 부인 신정왕후가 경복궁 중건을 실행",,,,,,서울 종로구 사직로 161 1층,,,,
5,drama,구르미 그린 달빛,person,TRUE,신정왕후 (神貞王后),KBS 2TV,1800~1834,수릉,경기도 구리시 동구릉에 위치한 문조(효명세자)와 신정왕후의 합장릉입니다. 이곳은 효명세자의 묘로 처음 조성되었다가 추존왕과 왕비의 능인 수릉이 되었습니다.,,,,,,경기 구리시 동구릉로 197,,,,
6,drama,구르미 그린 달빛,person,TRUE,신정왕후 (神貞王后),KBS 2TV,1800~1834,경복궁,1887년 신정왕후의 팔순을 기념하여 경복궁 근정전에서 대규모 궁중 잔치(진하례)가 열렸습니다.,,,,,,서울 종로구 사직로 161 1층,,,,
7,drama,구르미 그린 달빛,person,TRUE,신정왕후 (神貞王后),KBS 2TV,1800~1834,도봉산 광륜사,신정왕후가 말년을 보낸 별장으로 전해지는 곳입니다.,,,,,,서울 도봉구 도봉산길 86-1,,,,
8,drama,간택 - 여인들의 전쟁,person,TRUE,정순왕후 (貞純王后),TV CHOSUN,1800~1849,사릉,"경기도 남양주에 위치한 단종의 비, 정순왕후의 능입니다.",,,,,,경기 남양주시 진건읍 사릉로 180,,,,
9,drama,간택 - 여인들의 전쟁,person,TRUE,정순왕후 (貞純王后),TV CHOSUN,1800~1849,동망봉,"서울 종로구 숭인동에 위치하며, 정순왕후가 단종을 그리워하며 매일 기도를 올렸다는 전설이 깃든 곳입니다.",,,,,,서울 종로구 숭인동 58-447,,,,
10,drama,간택 - 여인들의 전쟁,person,TRUE,정순왕후 (貞純王后),TV CHOSUN,1800~1849,청룡사,"서울 종로구 창신동에 있는 절로, 정순왕후가 출가하여 지냈다고 전해지는 곳입니다.",,,,,,서울 동작구 국사봉1길 235-11,,,,
11,drama,간택 - 여인들의 전쟁,person,TRUE,정순왕후 (貞純王后),TV CHOSUN,1800~1849,영도교,단종이 유배를 떠나며 정순왕후와 마지막 이별을 했다고 전해지는 다리입니다.,,,,,,서울 종로구 숭인동 234-89,,,,
12,drama,간택 - 여인들의 전쟁,person,TRUE,신정왕후 (神貞王后),TV CHOSUN,1800~1849,수릉,경기도 구리시 동구릉에 위치한 문조(효명세자)와 신정왕후의 합장릉입니다. 이곳은 효명세자의 묘로 처음 조성되었다가 추존왕과 왕비의 능인 수릉이 되었습니다.,,,,,,경기 구리시 동구릉로 197,,,,
13,drama,간택 - 여인들의 전쟁,person,TRUE,신정왕후 (神貞王后),TV CHOSUN,1800~1849,경복궁,1887년 신정왕후의 팔순을 기념하여 경복궁 근정전에서 대규모 궁중 잔치(진하례)가 열렸습니다.,,,,,,서울 종로구 사직로 161 1층,,,,
14,drama,간택 - 여인들의 전쟁,person,TRUE,신정왕후 (神貞王后),TV CHOSUN,1800~1849,도봉산 광륜사,신정왕후가 말년을 보낸 별장으로 전해지는 곳입니다.,,,,,,서울 도봉구 도봉산길 86-1,,,,
15,drama,태양인 이제마,person,TRUE,이제마,KBS 2TV,1837~1900,진해현 관아,이제마는 말년에 이곳에서 진해현감으로 지내며 백성들을 보살피고 의학 연구에 몰두했습니다.,,,,,,경남 창원시 마산합포구 진동면 성산길 54,,,,
16,drama,철인왕후,person,TRUE,철인왕후 (哲仁王后),tvN,1849~1863,강화도 용흥궁,"철종이 왕위에 오르기 전 '강화도령'으로 불리며 5년간 지냈던 곳입니다. 처음에는 초가집이었으나, 철종이 왕위에 오른 후 기와집으로 개축되었습니다.",,,,,,인천 강화군 강화읍 동문안길21번길 16-1,,,,
17,drama,철인왕후,person,TRUE,철인왕후 (哲仁王后),tvN,1849~1863,예릉,"경기도 고양시 서삼릉(西三陵)에 있는 능으로, 철종과 그의 왕비인 철인왕후 김씨가 함께 묻혀 있습니다.",,,,,,경기 고양시 덕양구 서삼릉길 233-126,,,,
18,drama,철인왕후,person,TRUE,철인왕후 (哲仁王后),tvN,1849~1863,창덕궁 희정당,"철종이 승하한 장소로, 철인왕후가 왕비 시절을 보낸 공간 중 하나입니다.",,,,,,서울 종로구 율곡로 99,,,,
19,drama,바람과 구름과 비,person,TRUE,이하응 (李昰應),KBS 2TV,1863~1907,운현궁,"서울 종로구에 위치한 흥선대원군의 사저(개인 저택)입니다. 고종이 즉위한 후 흥선대원군이 실질적인 정치 활동을 펼쳤던 장소이며, 고종과 명성황후의 가례(결혼식)가 치러진 곳이기도 합니다.",,,,,,서울 종로구 삼일대로 464,,,,
20,drama,바람과 구름과 비,person,TRUE,이하응 (李昰應),KBS 2TV,1863~1907,흥선대원왕흥원 ,경기도 남양주시에 위치한 흥선대원군과 그의 부인인 부대부인 민씨의 합장묘입니다.,,,,,,경기 남양주시 화도읍 창현리 산 22-2,,,,
21,drama,바람과 구름과 비,person,TRUE,이하응 (李昰應),KBS 2TV,1863~1907,종묘,"흥선대원군이 왕실의 종친으로, 이곳에서 여러 의식에 참여했습니다. 특히 고종의 즉위 후에는 종묘와 관련한 왕실의 중요한 결정에 영향력을 행사했습니다.",,,,,,서울 종로구 종로 157,,,,
22,drama,바람과 구름과 비,person,TRUE,명성황후 (明成皇后),KBS 2TV,1863~1907,명성황후 생가,경기도 여주시에 있는 명성황후가 태어나고 성장한 곳입니다. 현재는 복원되어 역사 교육의 장소로 활용되고 있습니다.,,,,,,경기 여주시 명성로 71,,,,
23,drama,바람과 구름과 비,person,TRUE,명성황후 (明成皇后),KBS 2TV,1863~1907,경복궁 건청궁,"명성황후가 주로 머물던 공간이자, 1895년 을미사변 때 일본 낭인들에게 시해당한 비극의 장소입니다.",,,,,,서울 종로구 사직로 161,,,,
24,drama,바람과 구름과 비,person,TRUE,명성황후 (明成皇后),KBS 2TV,1863~1907,홍릉과유릉,"경기도 남양주시에 위치한 능으로, 명성황후와 그녀의 남편인 고종이 함께 묻혀 있습니다. 명성황후의 시신이 일제에 의해 불태워진 뒤, 한동안 능이 없었다가 고종의 능과 합쳐져 조성되었습니다.",,,,,,경기 남양주시 홍유릉로 352-1,,,,
25,drama,바람과 구름과 비,person,TRUE,신정왕후 (神貞王后),KBS 2TV,1863~1907,수릉,경기도 구리시 동구릉에 위치한 문조(효명세자)와 신정왕후의 합장릉입니다. 이곳은 효명세자의 묘로 처음 조성되었다가 추존왕과 왕비의 능인 수릉이 되었습니다.,,,,,,경기 구리시 동구릉로 197,,,,
26,drama,바람과 구름과 비,person,TRUE,신정왕후 (神貞王后),KBS 2TV,1863~1907,경복궁,1887년 신정왕후의 팔순을 기념하여 경복궁 근정전에서 대규모 궁중 잔치(진하례)가 열렸습니다.,,,,,,서울 종로구 사직로 161 1층,,,,
27,drama,바람과 구름과 비,person,TRUE,신정왕후 (神貞王后),KBS 2TV,1863~1907,도봉산 광륜사,신정왕후가 말년을 보낸 별장으로 전해지는 곳입니다.,,,,,,서울 도봉구 도봉산길 86-1,,,,
28,drama,풍운,event,TRUE,병인양요 (丙寅洋擾),KBS 1TV,1857~1898,정족산성,"병인양요 당시 프랑스군이 강화도의 중심부인 강화읍을 점령한 후, 강화도 남쪽에 위치한 정족산성으로 진격하면서 벌어진 전투입니다.",,,,,,인천 강화군 길상면 온수리 산 42,,,,
29,drama,풍운,event,TRUE,병인양요 (丙寅洋擾),KBS 1TV,1857~1898,강화도,1866년 초 대원군은 천주교 금압령을 내려 프랑스 신부와 조선인 천주교신자 수천 명을 학살했다. 이때 프랑스 선교사 12명 중 9명이 처형되어 한국과 프랑스의 군사적 충돌로 이어졌다. 1차 원정에서 군사정보를 수집한 프랑스 군대는 2차 원정에서 막강한 화력을 앞세워 강화부를 점령했다,,,,,,인천 강화군 불은면 중앙로 602-14,,,,
30,drama,풍운,event,TRUE,신미양요 (辛未洋擾),KBS 1TV,1857~1898,강화광성보,"신미양요의 가장 치열했던 격전지입니다. 조선군은 이곳에서 어재연 장군의 지휘 아래 결사적으로 저항했으나 결국 패배했습니다. 당시 미군에 의해 빼앗겼던 '수자기(帥字旗, 장수 깃발)'가 현재는 대한민국으로 반환되어 보관되고 있습니다.",,,,,,인천 강화군 불은면 해안동로466번길 27,,,,
31,drama,풍운,event,TRUE,신미양요 (辛未洋擾),KBS 1TV,1857~1898,초지진,미국 아시아함대가 강화도에 상륙하며 처음으로 포격을 가했던 요새입니다. 성벽에 당시의 포격 흔적이 그대로 남아있습니다.,,,,,,인천 강화군 길상면 해안동로 58,,,,
32,drama,풍운,event,TRUE,신미양요 (辛未洋擾),KBS 1TV,1857~1898,덕진진,"강화도 해협의 요충지에 위치한 요새로, 신미양요 당시 치열한 전투가 벌어졌던 곳입니다.",,,,,,인천 강화군 불은면 덕성리 355,,,,
33,drama,풍운,event,TRUE,갑신정변 (甲申政變),KBS 1TV,1857~1898,우정총국 ,갑신정변의 시작을 알리는 개국 축하연이 열린 장소입니다.,,,,,,서울 종로구 우정국로 59,,,,
34,drama,풍운,event,TRUE,갑신정변 (甲申政變),KBS 1TV,1857~1898,창덕궁,갑신정변 당시 고종과 왕실이 피신했던 궁궐입니다.,,,,,,서울 종로구 율곡로 99,,,,
35,drama,풍운,event,TRUE,갑신정변 (甲申政變),KBS 1TV,1857~1898,경복궁,고종이 창덕궁에서 다시 경복궁으로 환궁하며 개화파가 완전히 몰락한 장소입니다.,,,,,,서울 종로구 사직로 161 1층,,,,
36,drama,풍운,event,TRUE,청일전쟁 (淸日戰爭),KBS 1TV,1857~1898,풍도,청일전쟁의 첫 전투인 풍도 해전이 벌어진 해역입니다.,,,,,,경기 안산시 단원구 풍도동,,,,
37,drama,풍운,event,TRUE,청일전쟁 (淸日戰爭),KBS 1TV,1857~1898,강화도,전쟁 막바지 일본군이 청나라 해군을 전멸시키며 해상권을 장악한 강화 해전이 벌어진 곳입니다.,,,,,,인천 강화군 불은면 중앙로 602-14,,,,
38,drama,풍운,event,TRUE,강화도조약 (江華島條約),KBS 1TV,1857~1898,연무당옛터,"일본의 요청으로 강화도조약이 체결된 곳으로, 현재 강화읍 연무당 터에 비석이 세워져 있습니다.",,,,,,인천 강화군 강화읍 관청리 1099,,,,
39,drama,풍운,event,TRUE,운요호사건 (雲揚號事件),KBS 1TV,1857~1898,초지진,운요호가 처음으로 포격을 가한 조선의 포대입니다.,,,,,,인천 강화군 길상면 해안동로 58,,,,
40,drama,풍운,event,TRUE,운요호사건 (雲揚號事件),KBS 1TV,1857~1898,연미정,운요호가 무력시위를 벌이며 강화도에 상륙했던 지역과 관련이 있습니다.,,,,,,인천 강화군 강화읍 월곳리 242,,,,
41,drama,풍운,event,TRUE,동학운동 (東學運動),KBS 1TV,1857~1898,동학농민혁명모의장소 사발통문작성의집,전봉준이 봉기한 동학농민운동의 시작점입니다. 현재 전라북도 정읍시 고부면 일대에 관련 유적지가 남아있습니다.,,,,,,전북특별자치도 정읍시 고부면 고부주산길 4,,,,
42,drama,풍운,event,TRUE,동학운동 (東學運動),KBS 1TV,1857~1898,황토현전적지,동학농민군이 관군을 상대로 첫 승리를 거둔 전투가 벌어진 곳입니다.,,,,,,전북특별자치도 정읍시 덕천면 하학리 산 2-2,,,,
43,drama,풍운,event,TRUE,동학운동 (東學運動),KBS 1TV,1857~1898,풍남문,동학농민군이 점령했던 성입니다. 전주 화약(和約)이 체결된 장소이기도 합니다. 현재는 유일하게 풍남문만 남아있습니다.,,,,,,전북특별자치도 전주시 완산구 풍남문3길 1,,,,
44,drama,풍운,person,TRUE,이하응 (李昰應),KBS 1TV,1857~1898,척화비있던곳 ,외세의 침략에 맞서 쇄국정책을 강화하며 전국의 주요 거점에 척화비를 세웠다.,,,,,,서울 종로구 관철동 291-2,,,,
45,drama,풍운,person,TRUE,이하응 (李昰應),KBS 1TV,1857~1898,운현궁,"서울 종로구에 위치한 흥선대원군의 사저(개인 저택)입니다. 고종이 즉위한 후 흥선대원군이 실질적인 정치 활동을 펼쳤던 장소이며, 고종과 명성황후의 가례(결혼식)가 치러진 곳이기도 합니다.",,,,,,서울 종로구 삼일대로 464,,,,
46,drama,풍운,person,TRUE,이하응 (李昰應),KBS 1TV,1857~1898,흥선대원왕흥원 ,경기도 남양주시에 위치한 흥선대원군과 그의 부인인 부대부인 민씨의 합장묘입니다.,,,,,,경기 남양주시 화도읍 창현리 산 22-2,,,,
47,drama,풍운,person,TRUE,이하응 (李昰應),KBS 1TV,1857~1898,종묘,"흥선대원군이 왕실의 종친으로, 이곳에서 여러 의식에 참여했습니다. 특히 고종의 즉위 후에는 종묘와 관련한 왕실의 중요한 결정에 영향력을 행사했습니다.",,,,,,서울 종로구 종로 157,,,,
48,drama,풍운,person,TRUE,명성황후 (明成皇后),KBS 1TV,1857~1898,명성황후 생가,경기도 여주시에 있는 명성황후가 태어나고 성장한 곳입니다. 현재는 복원되어 역사 교육의 장소로 활용되고 있습니다.,,,,,,경기 여주시 명성로 71,,,,
49,drama,풍운,person,TRUE,명성황후 (明成皇后),KBS 1TV,1857~1898,경복궁 건청궁,"명성황후가 주로 머물던 공간이자, 1895년 을미사변 때 일본 낭인들에게 시해당한 비극의 장소입니다.",,,,,,서울 종로구 사직로 161,,,,
50,drama,풍운,person,TRUE,명성황후 (明成皇后),KBS 1TV,1857~1898,홍릉과유릉,"경기도 남양주시에 위치한 능으로, 명성황후와 그녀의 남편인 고종이 함께 묻혀 있습니다. 명성황후의 시신이 일제에 의해 불태워진 뒤, 한동안 능이 없었다가 고종의 능과 합쳐져 조성되었습니다.",,,,,,경기 남양주시 홍유릉로 352-1,,,,
51,drama,풍운,event,TRUE,아관파천 (俄館播遷),KBS 1TV,1857~1898,구러시아공사관 ,명성황후 시해 사건(을미사변) 이후 신변의 위협을 느낀 고종이 비밀리에 거처를 옮긴 곳이 러시아 공사관입니다,,,,,,서울 중구 정동 15-3,,,,
52,drama,풍운,event,TRUE,아관파천 (俄館播遷),KBS 1TV,1857~1898,고종의길 ,고종의 길은 아관파천 당시 고종이 이동했던 경로를 기념하는 길입니다,,,,,,서울 중구 덕수궁길 83,,,,
53,drama,풍운,event,TRUE,을미사변 (乙未事變),KBS 1TV,1857~1898,경복궁 건청궁,"을미사변이 발생한 장소입니다. 명성황후는 건청궁 내 곤녕합(坤寧閤)에서 시해당했으며, 일본 낭인들은 건청궁 내 옥호루(玉壺樓) 앞에서 시신을 불태웠습니다.",,,,,,서울 종로구 사직로 161,,,,
54,drama,풍운,event,TRUE,을미사변 (乙未事變),KBS 1TV,1857~1898,경복궁 향원정,"을미사변이 벌어진 건청궁 근처에 있는 정자로, 당시의 비극을 지켜보았을 역사의 증인과 같은 곳입니다.",,,,,,서울 종로구 사직로 161,,,,
55,drama,명성황후,event,TRUE,고종 (高宗),KBS 2TV,1861~1898,덕수궁,아관파천 이후 고종이 거처를 옮겨 대한제국을 선포하고 근대화를 추진했던 장소입니다.,,,,,,서울 중구 세종대로 99,,,,
56,drama,명성황후,event,TRUE,고종 (高宗),KBS 2TV,1861~1898,환구단 황궁우 ,고종이 대한제국 황제 즉위식을 거행했던 제단입니다. 조선이 아닌 황제국으로서의 위상을 상징합니다.,,,,,,서울 중구 소공동 87-14,,,,
57,drama,명성황후,event,TRUE,이하응 (李昰應),KBS 2TV,1861~1898,운현궁,"서울 종로구에 위치한 흥선대원군의 사저(개인 저택)입니다. 고종이 즉위한 후 흥선대원군이 실질적인 정치 활동을 펼쳤던 장소이며, 고종과 명성황후의 가례(결혼식)가 치러진 곳이기도 합니다.",,,,,,서울 종로구 삼일대로 464,,,,
58,drama,명성황후,event,TRUE,이하응 (李昰應),KBS 2TV,1861~1898,흥선대원왕흥원 ,경기도 남양주시에 위치한 흥선대원군과 그의 부인인 부대부인 민씨의 합장묘입니다.,,,,,,경기 남양주시 화도읍 창현리 산 22-2,,,,
59,drama,명성황후,event,TRUE,이하응 (李昰應),KBS 2TV,1861~1898,종묘,"흥선대원군이 왕실의 종친으로, 이곳에서 여러 의식에 참여했습니다. 특히 고종의 즉위 후에는 종묘와 관련한 왕실의 중요한 결정에 영향력을 행사했습니다.",,,,,,서울 종로구 종로 157,,,,
60,drama,명성황후,person,TRUE,이하응 (李昰應),KBS 2TV,1861~1898,척화비있던곳 ,외세의 침략에 맞서 쇄국정책을 강화하며 전국의 주요 거점에 척화비를 세웠다.,,,,,,서울 종로구 관철동 291-2,,,,
61,drama,명성황후,person,TRUE,명성황후 (明成皇后),KBS 2TV,1861~1898,명성황후 생가,경기도 여주시에 있는 명성황후가 태어나고 성장한 곳입니다. 현재는 복원되어 역사 교육의 장소로 활용되고 있습니다.,,,,,,경기 여주시 명성로 71,,,,
62,drama,명성황후,person,TRUE,명성황후 (明成皇后),KBS 2TV,1861~1898,경복궁 건청궁,"명성황후가 주로 머물던 공간이자, 1895년 을미사변 때 일본 낭인들에게 시해당한 비극의 장소입니다.",,,,,,서울 종로구 사직로 161,,,,
63,drama,명성황후,person,TRUE,명성황후 (明成皇后),KBS 2TV,1861~1898,홍릉과유릉,"경기도 남양주시에 위치한 능으로, 명성황후와 그녀의 남편인 고종이 함께 묻혀 있습니다. 명성황후의 시신이 일제에 의해 불태워진 뒤, 한동안 능이 없었다가 고종의 능과 합쳐져 조성되었습니다.",,,,,,경기 남양주시 홍유릉로 352-1,,,,
64,drama,명성황후,event,TRUE,병인양요 (丙寅洋擾),KBS 2TV,1861~1898,정족산성,"병인양요 당시 프랑스군이 강화도의 중심부인 강화읍을 점령한 후, 강화도 남쪽에 위치한 정족산성으로 진격하면서 벌어진 전투입니다.",,,,,,인천 강화군 길상면 온수리 산 42,,,,
65,drama,명성황후,event,TRUE,병인양요 (丙寅洋擾),KBS 2TV,1861~1898,강화도,1866년 초 대원군은 천주교 금압령을 내려 프랑스 신부와 조선인 천주교신자 수천 명을 학살했다. 이때 프랑스 선교사 12명 중 9명이 처형되어 한국과 프랑스의 군사적 충돌로 이어졌다. 1차 원정에서 군사정보를 수집한 프랑스 군대는 2차 원정에서 막강한 화력을 앞세워 강화부를 점령했다,,,,,,인천 강화군 불은면 중앙로 602-14,,,,
66,drama,명성황후,event,TRUE,신미양요 (辛未洋擾),KBS 2TV,1861~1898,강화광성보,"신미양요의 가장 치열했던 격전지입니다. 조선군은 이곳에서 어재연 장군의 지휘 아래 결사적으로 저항했으나 결국 패배했습니다. 당시 미군에 의해 빼앗겼던 '수자기(帥字旗, 장수 깃발)'가 현재는 대한민국으로 반환되어 보관되고 있습니다.",,,,,,인천 강화군 불은면 해안동로466번길 27,,,,
67,drama,명성황후,event,TRUE,신미양요 (辛未洋擾),KBS 2TV,1861~1898,초지진,미국 아시아함대가 강화도에 상륙하며 처음으로 포격을 가했던 요새입니다. 성벽에 당시의 포격 흔적이 그대로 남아있습니다.,,,,,,인천 강화군 길상면 해안동로 58,,,,
68,drama,명성황후,event,TRUE,신미양요 (辛未洋擾),KBS 2TV,1861~1898,덕진진,"강화도 해협의 요충지에 위치한 요새로, 신미양요 당시 치열한 전투가 벌어졌던 곳입니다.",,,,,,인천 강화군 불은면 덕성리 355,,,,
69,drama,명성황후,event,TRUE,갑신정변 (甲申政變),KBS 2TV,1861~1898,우정총국 ,갑신정변의 시작을 알리는 개국 축하연이 열린 장소입니다.,,,,,,서울 종로구 우정국로 59,,,,
70,drama,명성황후,event,TRUE,갑신정변 (甲申政變),KBS 2TV,1861~1898,창덕궁,갑신정변 당시 고종과 왕실이 피신했던 궁궐입니다.,,,,,,서울 종로구 율곡로 99,,,,
71,drama,명성황후,event,TRUE,갑신정변 (甲申政變),KBS 2TV,1861~1898,경복궁,고종이 창덕궁에서 다시 경복궁으로 환궁하며 개화파가 완전히 몰락한 장소입니다.,,,,,,서울 종로구 사직로 161 1층,,,,
72,drama,명성황후,event,TRUE,청일전쟁 (淸日戰爭),KBS 2TV,1861~1898,풍도,청일전쟁의 첫 전투인 풍도 해전이 벌어진 해역입니다.,,,,,,경기 안산시 단원구 풍도동,,,,
73,drama,명성황후,event,TRUE,청일전쟁 (淸日戰爭),KBS 2TV,1861~1898,강화도,전쟁 막바지 일본군이 청나라 해군을 전멸시키며 해상권을 장악한 강화 해전이 벌어진 곳입니다.,,,,,,인천 강화군 불은면 중앙로 602-14,,,,
74,drama,명성황후,event,TRUE,강화도조약 (江華島條約),KBS 2TV,1861~1898,연무당옛터,"일본의 요청으로 강화도조약이 체결된 곳으로, 현재 강화읍 연무당 터에 비석이 세워져 있습니다.",,,,,,인천 강화군 강화읍 관청리 1099,,,,
75,drama,명성황후,event,TRUE,운요호사건 (雲揚號事件),KBS 2TV,1861~1898,초지진,운요호가 처음으로 포격을 가한 조선의 포대입니다.,,,,,,인천 강화군 길상면 해안동로 58,,,,
76,drama,명성황후,event,TRUE,운요호사건 (雲揚號事件),KBS 2TV,1861~1898,연미정,운요호가 무력시위를 벌이며 강화도에 상륙했던 지역과 관련이 있습니다.,,,,,,인천 강화군 강화읍 월곳리 242,,,,
77,drama,명성황후,event,TRUE,동학운동 (東學運動),KBS 2TV,1861~1898,동학농민혁명모의장소 사발통문작성의집,전봉준이 봉기한 동학농민운동의 시작점입니다. 현재 전라북도 정읍시 고부면 일대에 관련 유적지가 남아있습니다.,,,,,,전북특별자치도 정읍시 고부면 고부주산길 4,,,,
78,drama,명성황후,event,TRUE,동학운동 (東學運動),KBS 2TV,1861~1898,황토현전적지,동학농민군이 관군을 상대로 첫 승리를 거둔 전투가 벌어진 곳입니다.,,,,,,전북특별자치도 정읍시 덕천면 하학리 산 2-2,,,,
79,drama,명성황후,event,TRUE,동학운동 (東學運動),KBS 2TV,1861~1898,전주성,동학농민군이 점령했던 성입니다. 전주 화약(和約)이 체결된 장소이기도 합니다. 현재는 유일하게 풍남문만 남아있습니다.,,,,,,전북특별자치도 전주시 완산구 풍남문3길 1,,,,
80,drama,명성황후,event,TRUE,아관파천 (俄館播遷),KBS 2TV,1861~1898,구러시아공사관 ,명성황후 시해 사건(을미사변) 이후 신변의 위협을 느낀 고종이 비밀리에 거처를 옮긴 곳이 러시아 공사관입니다,,,,,,서울 중구 정동 15-3,,,,
81,drama,명성황후,event,TRUE,아관파천 (俄館播遷),KBS 2TV,1861~1898,고종의길 ,고종의 길은 아관파천 당시 고종이 이동했던 경로를 기념하는 길입니다,,,,,,서울 중구 덕수궁길 83,,,,
82,drama,명성황후,event,TRUE,을미사변 (乙未事變),KBS 2TV,1861~1898,경복궁 건청궁,"을미사변이 발생한 장소입니다. 명성황후는 건청궁 내 곤녕합(坤寧閤)에서 시해당했으며, 일본 낭인들은 건청궁 내 옥호루(玉壺樓) 앞에서 시신을 불태웠습니다.",,,,,,서울 종로구 사직로 161,,,,
83,drama,명성황후,event,TRUE,을미사변 (乙未事變),KBS 2TV,1861~1898,경복궁 향원정,"을미사변이 벌어진 건청궁 근처에 있는 정자로, 당시의 비극을 지켜보았을 역사의 증인과 같은 곳입니다.",,,,,,서울 종로구 사직로 161,,,,
84,drama,찬란한 여명,event,TRUE,고종 (高宗),KBS 1TV,1863~1895,덕수궁,아관파천 이후 고종이 거처를 옮겨 대한제국을 선포하고 근대화를 추진했던 장소입니다.,,,,,,서울 중구 세종대로 99,,,,
85,drama,찬란한 여명,event,TRUE,고종 (高宗),KBS 1TV,1863~1895,환구단 황궁우 ,고종이 대한제국 황제 즉위식을 거행했던 제단입니다. 조선이 아닌 황제국으로서의 위상을 상징합니다.,,,,,,서울 중구 소공동 87-14,,,,
86,drama,찬란한 여명,event,TRUE,이하응 (李昰應),KBS 1TV,1863~1895,운현궁,"서울 종로구에 위치한 흥선대원군의 사저(개인 저택)입니다. 고종이 즉위한 후 흥선대원군이 실질적인 정치 활동을 펼쳤던 장소이며, 고종과 명성황후의 가례(결혼식)가 치러진 곳이기도 합니다.",,,,,,서울 종로구 삼일대로 464,,,,
87,drama,찬란한 여명,event,TRUE,이하응 (李昰應),KBS 1TV,1863~1895,흥선대원왕흥원 ,경기도 남양주시에 위치한 흥선대원군과 그의 부인인 부대부인 민씨의 합장묘입니다.,,,,,,경기 남양주시 화도읍 창현리 산 22-2,,,,
88,drama,찬란한 여명,event,TRUE,이하응 (李昰應),KBS 1TV,1863~1895,종묘,"흥선대원군이 왕실의 종친으로, 이곳에서 여러 의식에 참여했습니다. 특히 고종의 즉위 후에는 종묘와 관련한 왕실의 중요한 결정에 영향력을 행사했습니다.",,,,,,서울 종로구 종로 157,,,,
89,drama,찬란한 여명,person,TRUE,이하응 (李昰應),KBS 1TV,1863~1895,척화비있던곳 ,외세의 침략에 맞서 쇄국정책을 강화하며 전국의 주요 거점에 척화비를 세웠다.,,,,,,서울 종로구 관철동 291-2,,,,
90,drama,찬란한 여명,person,TRUE,명성황후 (明成皇后),KBS 1TV,1863~1895,명성황후 생가,경기도 여주시에 있는 명성황후가 태어나고 성장한 곳입니다. 현재는 복원되어 역사 교육의 장소로 활용되고 있습니다.,,,,,,경기 여주시 명성로 71,,,,
91,drama,찬란한 여명,person,TRUE,명성황후 (明成皇后),KBS 1TV,1863~1895,경복궁 건청궁,"명성황후가 주로 머물던 공간이자, 1895년 을미사변 때 일본 낭인들에게 시해당한 비극의 장소입니다.",,,,,,서울 종로구 사직로 161,,,,
92,drama,찬란한 여명,person,TRUE,명성황후 (明成皇后),KBS 1TV,1863~1895,홍릉과유릉,"경기도 남양주시에 위치한 능으로, 명성황후와 그녀의 남편인 고종이 함께 묻혀 있습니다. 명성황후의 시신이 일제에 의해 불태워진 뒤, 한동안 능이 없었다가 고종의 능과 합쳐져 조성되었습니다.",,,,,,경기 남양주시 홍유릉로 352-1,,,,
93,drama,찬란한 여명,event,TRUE,병인양요 (丙寅洋擾),KBS 1TV,1863~1895,정족산성,"병인양요 당시 프랑스군이 강화도의 중심부인 강화읍을 점령한 후, 강화도 남쪽에 위치한 정족산성으로 진격하면서 벌어진 전투입니다.",,,,,,인천 강화군 길상면 온수리 산 42,,,,
94,drama,찬란한 여명,event,TRUE,병인양요 (丙寅洋擾),KBS 1TV,1863~1895,강화도,1866년 초 대원군은 천주교 금압령을 내려 프랑스 신부와 조선인 천주교신자 수천 명을 학살했다. 이때 프랑스 선교사 12명 중 9명이 처형되어 한국과 프랑스의 군사적 충돌로 이어졌다. 1차 원정에서 군사정보를 수집한 프랑스 군대는 2차 원정에서 막강한 화력을 앞세워 강화부를 점령했다,,,,,,인천 강화군 불은면 중앙로 602-14,,,,
95,drama,찬란한 여명,event,TRUE,신미양요 (辛未洋擾),KBS 1TV,1863~1895,강화광성보,"신미양요의 가장 치열했던 격전지입니다. 조선군은 이곳에서 어재연 장군의 지휘 아래 결사적으로 저항했으나 결국 패배했습니다. 당시 미군에 의해 빼앗겼던 '수자기(帥字旗, 장수 깃발)'가 현재는 대한민국으로 반환되어 보관되고 있습니다.",,,,,,인천 강화군 불은면 해안동로466번길 27,,,,
96,drama,찬란한 여명,event,TRUE,신미양요 (辛未洋擾),KBS 1TV,1863~1895,초지진,미국 아시아함대가 강화도에 상륙하며 처음으로 포격을 가했던 요새입니다. 성벽에 당시의 포격 흔적이 그대로 남아있습니다.,,,,,,인천 강화군 길상면 해안동로 58,,,,
97,drama,찬란한 여명,event,TRUE,신미양요 (辛未洋擾),KBS 1TV,1863~1895,덕진진,"강화도 해협의 요충지에 위치한 요새로, 신미양요 당시 치열한 전투가 벌어졌던 곳입니다.",,,,,,인천 강화군 불은면 덕성리 355,,,,
98,drama,찬란한 여명,event,TRUE,갑신정변 (甲申政變),KBS 1TV,1863~1895,우정총국 ,갑신정변의 시작을 알리는 개국 축하연이 열린 장소입니다.,,,,,,서울 종로구 우정국로 59,,,,
99,drama,찬란한 여명,event,TRUE,갑신정변 (甲申政變),KBS 1TV,1863~1895,창덕궁,갑신정변 당시 고종과 왕실이 피신했던 궁궐입니다.,,,,,,서울 종로구 율곡로 99,,,,
100,drama,찬란한 여명,event,TRUE,갑신정변 (甲申政變),KBS 1TV,1863~1895,경복궁,고종이 창덕궁에서 다시 경복궁으로 환궁하며 개화파가 완전히 몰락한 장소입니다.,,,,,,서울 종로구 사직로 161 1층,,,,
101,drama,찬란한 여명,event,TRUE,청일전쟁 (淸日戰爭),KBS 1TV,1863~1895,풍도,청일전쟁의 첫 전투인 풍도 해전이 벌어진 해역입니다.,,,,,,경기 안산시 단원구 풍도동,,,,
102,drama,찬란한 여명,event,TRUE,청일전쟁 (淸日戰爭),KBS 1TV,1863~1895,강화도,전쟁 막바지 일본군이 청나라 해군을 전멸시키며 해상권을 장악한 강화 해전이 벌어진 곳입니다.,,,,,,인천 강화군 불은면 중앙로 602-14,,,,
103,drama,찬란한 여명,event,TRUE,강화도조약 (江華島條約),KBS 1TV,1863~1895,연무당옛터,"일본의 요청으로 강화도조약이 체결된 곳으로, 현재 강화읍 연무당 터에 비석이 세워져 있습니다.",,,,,,인천 강화군 강화읍 관청리 1099,,,,
104,drama,찬란한 여명,event,TRUE,운요호사건 (雲揚號事件),KBS 1TV,1863~1895,초지진,운요호가 처음으로 포격을 가한 조선의 포대입니다.,,,,,,인천 강화군 길상면 해안동로 58,,,,
105,drama,찬란한 여명,event,TRUE,운요호사건 (雲揚號事件),KBS 1TV,1863~1895,연미정,운요호가 무력시위를 벌이며 강화도에 상륙했던 지역과 관련이 있습니다.,,,,,,인천 강화군 강화읍 월곳리 242,,,,
106,drama,찬란한 여명,event,TRUE,동학운동 (東學運動),KBS 1TV,1863~1895,동학농민혁명모의장소 사발통문작성의집,전봉준이 봉기한 동학농민운동의 시작점입니다. 현재 전라북도 정읍시 고부면 일대에 관련 유적지가 남아있습니다.,,,,,,전북특별자치도 정읍시 고부면 고부주산길 4,,,,
107,drama,찬란한 여명,event,TRUE,동학운동 (東學運動),KBS 1TV,1863~1895,황토현전적지,동학농민군이 관군을 상대로 첫 승리를 거둔 전투가 벌어진 곳입니다.,,,,,,전북특별자치도 정읍시 덕천면 하학리 산 2-2,,,,
108,drama,찬란한 여명,event,TRUE,동학운동 (東學運動),KBS 1TV,1863~1895,풍남문,동학농민군이 점령했던 성입니다. 전주 화약(和約)이 체결된 장소이기도 합니다. 현재는 유일하게 풍남문만 남아있습니다.,,,,,,전북특별자치도 전주시 완산구 풍남문3길 1,,,,
109,drama,찬란한 여명,event,TRUE,동학운동 (東學運動),KBS 1TV,1863~1895,공주 우금치 전적지,동학농민군이 일본군과 관군 연합군에 맞서 마지막 대규모 전투를 치렀던 곳입니다. 이 전투에서 농민군이 크게 패배하면서 동학농민운동은 사실상 막을 내렸습니다. 충남 공주에 위치하고 있습니다,,,,,,충남 공주시 금학동 327-2,,,,
110,drama,찬란한 여명,event,TRUE,아관파천 (俄館播遷),KBS 1TV,1863~1895,척화비있던곳 ,외세의 침략에 맞서 쇄국정책을 강화하며 전국의 주요 거점에 척화비를 세웠다.,,,,,,서울 종로구 관철동 291-2,,,,
111,drama,찬란한 여명,event,TRUE,아관파천 (俄館播遷),KBS 1TV,1863~1895,운현궁,"서울 종로구에 위치한 흥선대원군의 사저(개인 저택)입니다. 고종이 즉위한 후 흥선대원군이 실질적인 정치 활동을 펼쳤던 장소이며, 고종과 명성황후의 가례(결혼식)가 치러진 곳이기도 합니다.",,,,,,서울 종로구 삼일대로 464,,,,
112,drama,찬란한 여명,event,TRUE,을미사변 (乙未事變),KBS 1TV,1863~1895,흥선대원왕흥원 ,경기도 남양주시에 위치한 흥선대원군과 그의 부인인 부대부인 민씨의 합장묘입니다.,,,,,,경기 남양주시 화도읍 창현리 산 22-2,,,,
113,drama,찬란한 여명,event,TRUE,을미사변 (乙未事變),KBS 1TV,1863~1895,종묘,"흥선대원군이 왕실의 종친으로, 이곳에서 여러 의식에 참여했습니다. 특히 고종의 즉위 후에는 종묘와 관련한 왕실의 중요한 결정에 영향력을 행사했습니다.",,,,,,서울 종로구 종로 157,,,,
114,drama,조선 과학수사대 별순검,place,TRUE,별순검,MBC,1876~1910,좌포도청터,별순검'이 소속되어 있던 주요 기관입니다. 드라마에서 과학수사를 펼쳤던 별순검이 실제로는 포도청의 특별 부대와 유사한 기능을 했습니다.,,,,,,서울 종로구 묘동 59-2,,,,
115,drama,조선 과학수사대 별순검,place,TRUE,별순검,MBC,1876~1910,경무청터,1894년 갑오개혁 때 설치된 근대적 경찰 조직입니다. 이전의 포도청(捕盜廳)을 폐지하고 그 기능을 이어받아 새롭게 개편된 것입니다,,,,,,서울 종로구 세종대로 175,,,,
116,drama,조선 과학수사대 별순검,place,TRUE,별순검,MBC,1876~1910,의금부터,왕명을 받아 죄인을 다루던 특별 사법기관입니다. 드라마 속에서 별순검이 해결한 사건들이 의금부로 넘겨지기도 합니다.,,,,,,서울 종로구 공평동 100,,,,
117,drama,제중원,place,TRUE,제중원,SBS,1876~1910,제중원 터,현재 서울 종로구 재동의 헌법재판소 자리에 제중원이 처음 설립되었던 터가 있습니다.,,,,,,서울 종로구 북촌로 15,,,,
118,drama,제중원,place,TRUE,연세대학교,SBS,1876~1910,연세대학교,제중원은 오늘날 연세대학교 의료원의 전신입니다. 연세대학교 신촌캠퍼스와 세브란스병원은 제중원의 역사를 잇는 상징적인 장소입니다.,,,,,,서울 서대문구 연세로 50,,,,
119,drama,녹두꽃,event,TRUE,동학운동 (東學運動),SBS,1882~1894,동학농민혁명모의장소 사발통문작성의집,전봉준이 봉기한 동학농민운동의 시작점입니다. 현재 전라북도 정읍시 고부면 일대에 관련 유적지가 남아있습니다.,,,,,,전북특별자치도 정읍시 고부면 고부주산길 4,,,,
120,drama,녹두꽃,event,TRUE,동학운동 (東學運動),SBS,1882~1894,황토현전적지,동학농민군이 관군을 상대로 첫 승리를 거둔 전투가 벌어진 곳입니다.,,,,,,전북특별자치도 정읍시 덕천면 하학리 산 2-2,,,,
121,drama,녹두꽃,event,TRUE,동학운동 (東學運動),SBS,1882~1894,풍남문,동학농민군이 점령했던 성입니다. 전주 화약(和約)이 체결된 장소이기도 합니다. 현재는 유일하게 풍남문만 남아있습니다.,,,,,,전북특별자치도 전주시 완산구 풍남문3길 1,,,,
122,drama,녹두꽃,event,TRUE,동학운동 (東學運動),SBS,1882~1894,공주 우금치 전적지,동학농민군이 일본군과 관군 연합군에 맞서 마지막 대규모 전투를 치렀던 곳입니다. 이 전투에서 농민군이 크게 패배하면서 동학농민운동은 사실상 막을 내렸습니다. 충남 공주에 위치하고 있습니다,,,,,,충남 공주시 금학동 327-2,,,,
123,drama,독립문,event,TRUE,아관파천 (俄館播遷),KBS 1TV,1896~1910,구러시아공사관 ,명성황후 시해 사건(을미사변) 이후 신변의 위협을 느낀 고종이 비밀리에 거처를 옮긴 곳이 러시아 공사관입니다,,,,,,서울 중구 정동 15-3,,,,
124,drama,독립문,event,TRUE,아관파천 (俄館播遷),KBS 1TV,1896~1910,고종의길 ,고종의 길은 아관파천 당시 고종이 이동했던 경로를 기념하는 길입니다,,,,,,서울 중구 덕수궁길 83,,,,
125,drama,독립문,place,TRUE,독립문,KBS 1TV,1896~1910,독립문,"드라마의 제목이자 주요 상징물입니다. 청나라와의 사대 관계를 청산하고 자주 독립을 선언하며 세운 문으로, 현재 서울 서대문구에 위치하고 있습니다.",,,,,,서울 서대문구 통일로 251,,,,
126,drama,독립문,place,TRUE,서대문형무소,KBS 1TV,1896~1910,서대문형무소,"갑오개혁이후 세워졌던 한성감옥에서 1907년 경성감옥으로 개칭되고, 이후 서대문형무소로 이름이 바뀌면서 일제강점기 항일 독립운동가들을 수감하는 장소가 됩니다.",,,,,,서울 서대문구 통일로 251,,,,
127,drama,미스터 션샤인,event,TRUE,신미양요 (辛未洋擾),tvN,1876~1910,강화광성보,"신미양요의 가장 치열했던 격전지입니다. 조선군은 이곳에서 어재연 장군의 지휘 아래 결사적으로 저항했으나 결국 패배했습니다. 당시 미군에 의해 빼앗겼던 '수자기(帥字旗, 장수 깃발)'가 현재는 대한민국으로 반환되어 보관되고 있습니다.",,,,,,인천 강화군 불은면 해안동로466번길 27,,,,
128,drama,미스터 션샤인,event,TRUE,신미양요 (辛未洋擾),tvN,1876~1910,초지진,미국 아시아함대가 강화도에 상륙하며 처음으로 포격을 가했던 요새입니다. 성벽에 당시의 포격 흔적이 그대로 남아있습니다.,,,,,,인천 강화군 길상면 해안동로 58,,,,
129,drama,미스터 션샤인,event,TRUE,신미양요 (辛未洋擾),tvN,1876~1910,덕진진,"강화도 해협의 요충지에 위치한 요새로, 신미양요 당시 치열한 전투가 벌어졌던 곳입니다.",,,,,,인천 강화군 불은면 덕성리 355,,,,
130,drama,조선총잡이,event,TRUE,임오군란 (壬午軍亂),KBS 2TV,1876~1910,선혜청,"구식 군인들의 밀린 봉급을 담당하던 관청으로, 불량한 쌀을 지급하며 군인들의 분노를 촉발시킨 곳입니다. 군인들은 이곳을 습격하며 군란을 본격화했습니다.",,,,,,서울 중구 소월로 3,,,,
131,drama,조선총잡이,event,TRUE,임오군란 (壬午軍亂),KBS 2TV,1876~1910,일본 공사관,"군란 세력은 개화 정책의 상징인 일본과 관련된 장소를 습격했는데, 일본 공사관도 그중 하나였습니다. 이로 인해 공사관이 불에 타고 일본인들이 피난하는 사건이 발생했습니다.",,,,,,서울 서대문구 독립문로 49,,,,
132,drama,조선총잡이,event,TRUE,갑신정변 (甲申政變),KBS 2TV,1876~1910,우정총국 ,갑신정변의 시작을 알리는 개국 축하연이 열린 장소입니다.,,,,,,서울 종로구 우정국로 59,,,,
133,drama,조선총잡이,event,TRUE,갑신정변 (甲申政變),KBS 2TV,1876~1910,창덕궁,갑신정변 당시 고종과 왕실이 피신했던 궁궐입니다.,,,,,,서울 종로구 율곡로 99,,,,
134,drama,조선총잡이,event,TRUE,갑신정변 (甲申政變),KBS 2TV,1876~1910,경복궁,고종이 창덕궁에서 다시 경복궁으로 환궁하며 개화파가 완전히 몰락한 장소입니다.,,,,,,서울 종로구 사직로 161 1층,,,,
135,drama,미스터 션샤인,event,TRUE,강화도조약 (江華島條約),tvN,1863~1895,연무당옛터,"일본의 요청으로 강화도조약이 체결된 곳으로, 현재 강화읍 연무당 터에 비석이 세워져 있습니다.",,,,,,인천 강화군 강화읍 관청리 1099,,,,
136,drama,미스터 션샤인,event,TRUE,운요호사건 (雲揚號事件),tvN,1863~1895,초지진,운요호가 처음으로 포격을 가한 조선의 포대입니다.,,,,,,인천 강화군 길상면 해안동로 58,,,,
137,drama,미스터 션샤인,event,TRUE,운요호사건 (雲揚號事件),tvN,1863~1895,연미정,운요호가 무력시위를 벌이며 강화도에 상륙했던 지역과 관련이 있습니다.,,,,,,인천 강화군 강화읍 월곳리 242,,,,
138,drama,사의 찬미,person,TRUE,홍난파 (洪蘭坡),SBS,1897~1926,홍난파가옥,봉선화'를 작곡한 근대 음악가 홍난파의 가옥입니다. 윤심덕과 김우진의 동시대 인물이자 근대 서양 음악을 개척했던 인물입니다. 이 가옥은 그 시대 예술가들의 삶과 공간을 보여주는 중요한 근대 문화유산입니다.,,,,,,경기 화성시 남양읍 홍난파길 32 1층,,,,
139,drama,토지,place,TRUE,평사리,SBS,1897~1930,평사리,소설 '토지'의 주 무대인 평사리 마을은 박경리 작가가 경상남도 하동군 악양면 평사리를 모델로 삼아 창조한 가상의 공간입니다.,,,,,,경남 하동군 악양면 평사리 852,,,,
140,drama,토지,place,TRUE,하동 최참판댁,SBS,1897~1930,하동 최참판댁,"하동군 악양면에 드라마 속 최참판댁을 실제로 재현해 놓은 곳입니다. 드라마 '토지'의 주요 촬영지였으며, 현재는 드라마의 배경이 된 당시의 생활상을 체험할 수 있는 주요 관광 명소로 활용되고 있습니다.",,,,,,경남 하동군 악양면 평사리길 66-7,,,,
141,drama,토지,place,TRUE,화개산,SBS,1897~1930,화개산,드라마 속 주요 배경 중 하나인 곳입니다. 하동군과 구례군에 걸쳐 있는 이 산은 소설 속 인물들의 삶과 감정의 변화를 상징적으로 보여주는 곳입니다.,,,,,,인천 강화군 교동면 고구리,,,,
142,drama,토지,place,TRUE,지리산,SBS,1897~1930,지리산,드라마 속 등장인물들이 피난하고 활동했던 주요 공간 중 하나입니다.,,,,,,경남 함양군 마천면 추성리 산 100,,,,
143,drama,백범일지,person,TRUE,김구 (金九),MBC,1905~1945,인천 감리서 터,김구 선생이 동학농민운동에 참여했다가 체포되어 수감되었던 곳입니다.,,,,,,인천광역시 중구 내동 83,,,,
144,drama,백범일지,person,TRUE,김구 (金九),MBC,1905~1945,경교장,"김구 선생이 광복 후 대한민국으로 돌아와 머물렀던 숙소이자, 서거 직전까지 거처로 삼았던 곳입니다. 현재 서울 종로구에 위치하고 있으며, 서울시 유형문화재로 지정되어 있습니다.",,,,,,"서울 종로구 새문안로 29 지하1-지하2층, 1-2층",,,,
145,drama,백범일지,person,TRUE,김구 (金九),MBC,1905~1945,효창공원,"서울 용산구에 있는 공원으로, 김구 선생의 묘소가 위치해 있습니다. 이곳에는 윤봉길, 이봉창, 백정기 의사의 묘소도 함께 있어 독립운동의 성지처럼 여겨지는 곳입니다.",,,,,,서울 용산구 효창원로 177-18,,,,
146,drama,김구,person,TRUE,김구 (金九),KBS 1TV,1905~1945,인천 감리서 터,김구 선생이 동학농민운동에 참여했다가 체포되어 수감되었던 곳입니다.,,,,,,인천광역시 중구 내동 83,,,,
147,drama,김구,person,TRUE,김구 (金九),KBS 1TV,1905~1945,경교장,"김구 선생이 광복 후 대한민국으로 돌아와 머물렀던 숙소이자, 서거 직전까지 거처로 삼았던 곳입니다. 현재 서울 종로구에 위치하고 있으며, 서울시 유형문화재로 지정되어 있습니다.",,,,,,"서울 종로구 새문안로 29 지하1-지하2층, 1-2층",,,,
148,drama,김구,person,TRUE,김구 (金九),KBS 1TV,1905~1945,효창공원,"서울 용산구에 있는 공원으로, 김구 선생의 묘소가 위치해 있습니다. 이곳에는 윤봉길, 이봉창, 백정기 의사의 묘소도 함께 있어 독립운동의 성지처럼 여겨지는 곳입니다.",,,,,,서울 용산구 효창원로 177-18,,,,
149,drama,자유인 이회영,person,TRUE,이회영 (李會榮),KBS 1TV,1905~1945,이회영 선생 저택 터,"이회영 선생의 가문은 명문가였으며, 서울 명동에 그들의 저택이 있었습니다. 그는 이곳의 넓은 토지와 재산을 모두 처분하여 독립운동 자금으로 사용했습니다.",,,,,,서울 중구 명동1가 4-1,,,,
150,drama,자유인 이회영,person,TRUE,이회영 (李會榮),KBS 1TV,1905~1945,효창공원,"서울 용산구에 있는 공원으로, 김구 선생의 묘소가 위치해 있습니다. 이곳에는 윤봉길, 이봉창, 백정기 의사의 묘소도 함께 있어 독립운동의 성지처럼 여겨지는 곳입니다.",,,,,,서울 용산구 효창원로 177-18,,,,
151,drama,조선총독부,place,TRUE,조선총독부,MBC,1905~1945,조선총독부,"조선총독부 건물은 일제가 조선의 중심 궁궐인 경복궁(景福宮)의 정문 앞에 지었습니다. 이는 조선의 정기를 누르려는 의도로 평가받고 있습니다. 현재는 건물 자체가 해체되어 사라졌고, 그 터는 경복궁의 옛 모습을 되찾았습니다.",,,,,,서울 종로구 세종로 1-1,,,,
152,drama,조선총독부,place,TRUE,서대문형무소,MBC,1905~1945,서대문형무소,"갑오개혁이후 세워졌던 한성감옥에서 1907년 경성감옥으로 개칭되고, 이후 서대문형무소로 이름이 바뀌면서 일제강점기 항일 독립운동가들을 수감하는 장소가 됩니다.",,,,,,서울 서대문구 통일로 251,,,,
153,drama,최승희,person,TRUE,최승희 (崔承喜),MBC,1911~1969,부민관,최승희가 해방 전후 국내에서 공연을 펼쳤던 주요 무대입니다. 현재는 서울시의회 건물로 사용되고 있습니다.,,,,,,서울 중구 세종대로 125,,,,
154,drama,최승희,person,TRUE,최승희 (崔承喜),MBC,1911~1969,최승희 고택,"최승희가 서울에 머물렀던 집 중 하나로, 현재는 한옥 식당으로 용도가 바뀌어 운영되고 있습니다. 역사적 가치에도 불구하고 아직 문화재로 지정되지는 않았습니다.",,,,,,서울 종로구 북촌로 24-4,,,,
155,drama,파친코 시즌1,place,TRUE,영도,tvN,1920~1936,영도,"주인공 선자가 태어나고 자란 고향입니다. 일제강점기 당시 부산 영도는 일본으로 건너가는 관문 역할을 했던 곳으로, 많은 이들이 새로운 삶을 찾아 떠나던 출발지였습니다.",,,,,,부산 영도구 태종로 423,,,,
156,drama,파친코 시즌1,place,TRUE,부산항,tvN,1920~1936,부산항,"당시 부산항은 일본과 조선을 잇는 가장 중요한 항구였습니다. 선자가 오사카로 떠나는 배에 올랐던 곳이며, 고향을 등지고 이민의 삶을 시작했던 역사적인 장소입니다.",,,,,,부산 동구 초량동 45-66,,,,
157,drama,각시탈,place,TRUE,경성종로경찰서,KBS 2TV,1920~1930,경성종로경찰서,드라마 속 주인공 이강토가 근무했던 주요 무대입니다. 실제로도 종로에는 일본 경찰의 주요 거점이었던 경찰서가 있었습니다.,,,,,,서울 종로구 종로 47,,,,
158,drama,각시탈,place,TRUE,조선총독부,KBS 2TV,1905~1945,조선총독부,"조선총독부 건물은 일제가 조선의 중심 궁궐인 경복궁(景福宮)의 정문 앞에 지었습니다. 이는 조선의 정기를 누르려는 의도로 평가받고 있습니다. 현재는 건물 자체가 해체되어 사라졌고, 그 터는 경복궁의 옛 모습을 되찾았습니다.",,,,,,서울 종로구 세종로 1-1,,,,
159,drama,각시탈,place,TRUE,서대문형무소,KBS 2TV,1905~1945,서대문형무소,"갑오개혁이후 세워졌던 한성감옥에서 1907년 경성감옥으로 개칭되고, 이후 서대문형무소로 이름이 바뀌면서 일제강점기 항일 독립운동가들을 수감하는 장소가 됩니다.",,,,,,서울 서대문구 통일로 251,,,,
160,drama,야인시대,place,TRUE,김두한 (金斗漢),SBS,1924~1961,우미관 터,"종로에 있던 실제 영화관으로, 드라마에서 김두한의 근거지이자 그의 조직원들이 모여 지냈던 장소로 그려집니다.",,,,,,서울특별시 종로구 종로 84,,,,
161,drama,야인시대,place,TRUE,경성종로경찰서,SBS,1924~1961,경성종로경찰서,종로에는 일본 경찰의 주요 거점이었던 경찰서가 있었습니다.,,,,,,서울 종로구 종로 47,,,,
162,drama,야인시대,person,TRUE,김두한 (金斗漢),SBS,1924~1961,명동,"해방 후 명동파와의 갈등이 심화되면서, 명동은 김두한의 세력과 대립하는 이정재, 시라소니 등의 활동 무대가 됩니다.",,,,,,서울 중구 남산동3가 13-1,,,,
163,drama,야인시대,person,TRUE,김두한 (金斗漢),SBS,1924~1961,동대문,"이정재가 활동했던 곳으로, 드라마는 동대문과 종로의 세력 다툼을 통해 해방 후의 혼란스러운 사회상을 보여줍니다.",,,,,,서울 종로구 종로6가 69,,,,
164,drama,야인시대,person,TRUE,김두한 (金斗漢),SBS,1924~1961,종로,"드라마의 주된 무대이자 김두한이 '종로의 주먹'으로 성장했던 곳입니다. 당시 종로는 일본인들의 거리인 명동과 대비되는 조선인들의 상권 중심지였으며, 김두한이 일본인 야쿠자들과 싸우며 조선 상권을 지켰던 상징적인 공간입니다.",,,,,,서울 종로구 종로2가 6-1,,,,
165,drama,무풍지대,place,TRUE,명동,KBS 2TV,1924~1961,명동,야인시대'의 김두한이 활동했던 곳입니다. 이정재는 김두한과 라이벌 관계를 형성하며 종로의 주먹들과 대립했습니다.,,,,,,서울 중구 남산동3가 13-1,,,,
166,drama,무풍지대,place,TRUE,동대문,KBS 2TV,1924~1961,동대문,이정재의 주 활동 무대였습니다. 그는 동대문 시장 상인들을 보호한다는 명분으로 '동대문 상인연합회'를 조직해 동대문 시장 일대를 장악하고 '동대문파'를 이끌었습니다.,,,,,,서울 종로구 종로6가 69,,,,
167,drama,무풍지대,place,TRUE,종로,KBS 2TV,1924~1961,종로,야인시대'의 김두한이 활동했던 곳입니다. 이정재는 김두한과 라이벌 관계를 형성하며 종로의 주먹들과 대립했습니다.,,,,,,서울 종로구 종로2가 6-1,,,,
168,drama,왕초,place,TRUE,서울역,MBC,1924~1961,서울역,"한국전쟁 이후 피난민과 거지들이 몰려들어 가장 혼란스럽고 비참했던 장소 중 하나입니다. 드라마 속 김춘삼이 활약했던 주요 거점이자, 당시 사회의 어두운 면을 상징하는 공간입니다.",,,,,,서울 중구 한강대로 405,,,,
169,drama,왕초,place,TRUE,해방촌,MBC,1924~1961,해방촌,전쟁으로 폐허가 된 서울의 거리와 빈민촌이 드라마의 주된 배경입니다. 종로와 남산 일대에는 당시의 상황을 보여주는 판자촌과 피난민들이 모여 살던 곳이 많았습니다.,,,,,,서울 용산구 이태원동 496,,,,
170,drama,절정,person,TRUE,이육사,MBC,1930~1940,이육사 생가,이육사 시인이 태어나고 자란 경상북도 안동에 위치하고 있습니다.,,,,,,경북 안동시 포도길 8,,,,
171,drama,동양극장,place,TRUE,동양극장,KBS 2TV,1930~1950,동양극장 터,"1935년에 현재의 서울 서대문구 충정로에 설립된, 우리나라 최초의 연극 전용 극장입니다. 회전 무대와 음향 효과 시설을 갖춘 당시로서는 최신식 극장이었습니다. '사랑에 속고 돈에 울고'와 같은 흥행작들을 통해 신파극을 대중화하는 데 큰 역할을 했습니다.",,,,,,서울 중구 새문안로 16,,,,
172,drama,영웅시대,person,TRUE,정주영,MBC,1930~2004,현대그룹 본사 터,"정주영 회장이 한국 재계의 역사를 이끌었던 상징적인 공간입니다. 현재는 현대건설의 사옥으로 사용되고 있으며, 그의 경영 철학이 담긴 본거지였습니다.",,,,,,서울 종로구 율곡로 75 현대빌딩,,,,
173,drama,영웅시대,person,TRUE,정주영,MBC,1930~2004,울산 현대조선소,현대의 조선 산업을 세계적인 수준으로 끌어올린 곳입니다. 정주영 회장이 거북선이 그려진 500원 지폐 한 장으로 선박 수주를 따냈다는 유명한 일화의 배경이 된 장소입니다.,,,,,,울산 동구 방어진순환도로 1000,,,,
174,drama,영웅시대,person,TRUE,정주영,MBC,1930~2004,경부고속도로,"대한민국의 대동맥이자 경제 발전을 상징하는 고속도로입니다. 정주영 회장의 현대건설이 건설에 참여했으며, 그의 강력한 추진력과 불굴의 의지를 보여주는 대표적인 성과물입니다.",,,,,,서울 서초구 잠원동 77,,,,
175,drama,영웅시대,person,TRUE,이병철,MBC,1930~2004,삼성상회터,이병철 회장이 1938년 대구에서 삼성상회라는 이름으로 사업을 시작했던 곳입니다. 삼성그룹의 시작점이 되는 매우 중요한 장소입니다.,,,,,,대구 중구 인교동 59-3,,,,
176,drama,영웅시대,person,TRUE,이병철,MBC,1930~2004,제일모직터,"이병철 회장이 삼성을 창업하고, 제일모직을 설립하여 한국 섬유 산업의 초석을 다졌던 상징적인 곳입니다. 현재는 삼성생명 본사 건물 등이 들어서 있습니다.",,,,,,대구광역시 북구 호암로 51,,,,
177,drama,비밀의 문,person,TRUE,영조(李昑),SBS,1694~1776,창덕궁 인정전,영조는 조선 제21대 왕으로 탕평정치를 추진했으며 1762년 임오화변으로 사도세자를 죽음에 이르게 했다. 창덕궁 인정전은 영조가 공식 의례와 정무를 집행하던 정전으로 현재 관람 가능하다.,,비밀의 문 서사의 핵심 배경궁(창덕궁) 내 정전,,,국가유산청 관람 안내 참고,"서울특별시 종로구 율곡로 99, 창덕궁 (와룡동)",37.57944,126.99111,,
178,drama,비밀의 문,person,TRUE,사도세자(思悼世子),SBS,1694~1776,융릉(융건릉),융건릉(隆健陵)은 사적 제206호로 지정된 문화재로 장조의황제(사도세자)와 그의 비 헌경의황후(혜경궁 홍씨)를 합장한 융릉(隆陵)과 그의 아들 정조선황제와 효의선황후를 합장한 건릉(健陵)을 합쳐 부르는 이름으로 대한민국 경기도 화성시 안녕동에 있다.,,"비밀의 문 사건의 중심 인물로, 현장 답사는 융건릉에서 가능.",,,문화재청/경기관광 안내 참고,경기도 화성시 효행로 481번길 21,,,,
179,drama,비밀의 문,person,TRUE,혜경궁 홍씨(헌경왕후),SBS,1694~1776,융릉(융건릉),융건릉(隆健陵)은 사적 제206호로 지정된 문화재로 장조의황제(사도세자)와 그의 비 헌경의황후(혜경궁 홍씨)를 합장한 융릉(隆陵)과 그의 아들 정조선황제와 효의선황후를 합장한 건릉(健陵)을 합쳐 부르는 이름으로 대한민국 경기도 화성시 안녕동에 있다.,,사도세자 관련 사료·의궤와 함께 역사 교육 현장으로 활용.,,,문화재청/경기관광 안내 참고,경기도 화성시 효행로 481번길 21,,,,
180,drama,비밀의 문,person,TRUE,"정조(正祖, 이산)",SBS,1694~1776,건릉(융건릉),융건릉(隆健陵)은 사적 제206호로 지정된 문화재로 장조의황제(사도세자)와 그의 비 헌경의황후(혜경궁 홍씨)를 합장한 융릉(隆陵)과 그의 아들 정조선황제와 효의선황후를 합장한 건릉(健陵)을 합쳐 부르는 이름으로 대한민국 경기도 화성시 안녕동에 있다.,,사도세자 사건의 사후 정리와 명예 회복의 상징.,,,문화재청/경기관광 안내 참고,경기도 화성시 효행로 481번길 21,,,,
181,drama,비밀의 문,event,TRUE,임오화변(壬午禍變),SBS,1694~1776,창경궁 문정전(휘령전 터),임오화변은 1762년 사도세자가 뒤주에 갇혀 사망한 사건으로 당시 문정전은 왕대비 혼전으로 쓰이며 ‘휘령전’으로 불렸다. 오늘날 창경궁 문정전 일원을 답사할 수 있다.,,사건 현장 답사는 창경궁 문정전 일원.,,,창경궁 관람 안내 참고,서울특별시 종로구 창경궁로 185,37.578778,126.994843,,
182,drama,비밀의 문,place,TRUE,창덕궁(昌德宮),SBS,1694~1776,창덕궁,창덕궁은 조선 왕실의 생활과 정무가 이루어진 궁궐로 영조·사도세자 시기의 핵심 무대로 임오화변 전후 왕실 정치의 현장이다. 현재 유네스코 세계유산으로 일반 관람 가능하다,,비밀의 문 서사 전개의 주 무대.,,,국가유산청 관람 안내 참고,"서울특별시 종로구 율곡로 99, 창덕궁 (와룡동)",37.57944,126.99111,,
183,drama,비밀의 문,place,TRUE,동구릉(원릉),SBS,1694~1776,원릉(동구릉),"동구릉(東九陵)은 대한민국 경기도 구리시에 있는 조선 시대의 왕릉군이다. 동구릉은 사적 제193호로 지정되어 있으며 191만 5891m2에 달하는 구역에는 9개의 능에 17위의 유택이 있고, 2009년 2월 27일에 유네스코 세계유산에 등재되었다.",,영조의 능 참배 및 조선왕릉 답사 코스.,,,문화재청 관람 안내 참고,경기도 구리시 동구릉로 197,,,,
184,drama,무사 백동수,person,TRUE,백동수(白東脩),SBS,1743~1816,창덕궁 춘당대,조선 후기의 무관이자 검술가로 정조를 호위했다. 문화재청 기록에 따르면 창덕궁 춘당대에서 장용영 무사들에게 무예를 지도하며 표준화를 맡았다고 한다. 현재 춘당대는 창덕궁 후원 내 관람 동선으로 답사가 가능하다.,,정조 시대 장용영 무예 훈련 장소.,,,궁능유적본부 관람 안내·관련 기사 참고,"서울특별시 종로구 율곡로 99, 창덕궁 (와룡동)",37.57948,126.99118,,
185,drama,무사 백동수,person,TRUE,정조(正祖),SBS,1743~1816,건릉(융건릉),융건릉(隆健陵)은 사적 제206호로 지정된 문화재로 장조의황제(사도세자)와 그의 비 헌경의황후(혜경궁 홍씨)를 합장한 융릉(隆陵)과 그의 아들 정조선황제와 효의선황후를 합장한 건릉(健陵)을 합쳐 부르는 이름으로 대한민국 경기도 화성시 안녕동에 있다.,,정조와 친위·무예 체제 확립의 상징적 장소.,,,조선왕릉 방문안내,경기도 화성시 효행로 481번길 21 (안녕동),,,,
186,drama,무사 백동수,event,TRUE,장용영 무사 훈련 지도,SBS,1743~1816,창덕궁 춘당대,"정조 즉위 이후 창덕궁 춘당대에서 장용영 무사들을 대상으로 무예 훈련과 시범을 시행했다. 사료·기사에 백동수가 이곳에서 무예를 지도했다는 기록이 남아 있으며, 후대 『무예도보통지(1790)』 편찬으로 이어진다.",,창덕궁 후원 내 넓은 석대(춘당대) 일원에서 훈련.,,,궁능유적본부·언론 자료 참고,"서울특별시 종로구 율곡로 99, 창덕궁 (와룡동)",37.57948,126.99118,,
187,drama,무사 백동수,place,TRUE,창덕궁(昌德宮),SBS,1743~1816,창덕궁,조선 후기 국정 운영의 핵심 궁궐로 정조·장용영 체제 하에 무예 정비가 이루어졌고 춘당대는 무예 시범과 훈련의 장소로 쓰였다. 현재 유네스코 세계유산으로 일반인 관람이 가능하다.,,드라마의 왕실 배경 궁궐.,,,궁능유적본부 관람 안내,"서울특별시 종로구 율곡로 99, 창덕궁 (와룡동)",37.57948,126.99118,,
188,drama,옷소매 붉은 끝동,person,TRUE,정조(正祖),MBC,1752~1800,건릉(융건릉),융건릉(隆健陵)은 사적 제206호로 지정된 문화재로 장조의황제(사도세자)와 그의 비 헌경의황후(혜경궁 홍씨)를 합장한 융릉(隆陵)과 그의 아들 정조선황제와 효의선황후를 합장한 건릉(健陵)을 합쳐 부르는 이름으로 대한민국 경기도 화성시 안녕동에 있다.,,드라마의 왕실 권력 축,,,조선왕릉 관람안내,경기 화성시 효행로 481번길 21,,,,
189,drama,옷소매 붉은 끝동,place,TRUE,창덕궁(昌德宮),MBC,1752~1800,창덕궁,창덕궁은 조선 왕실의 생활과 정무가 이루어진 궁궐로 영조·사도세자 시기의 핵심 무대로 임오화변 전후 왕실 정치의 현장이다. 현재 유네스코 세계유산으로 일반 관람 가능하다,,전체 궁역이 서사의 무대,,,궁능유적본부 관람안내,서울 종로구 율곡로 99,37.57944,126.99111,,
190,drama,이산,person,TRUE,정조(正祖),MBC,1752~1800,건릉(융건릉),융건릉(隆健陵)은 사적 제206호로 지정된 문화재로 장조의황제(사도세자)와 그의 비 헌경의황후(혜경궁 홍씨)를 합장한 융릉(隆陵)과 그의 아들 정조선황제와 효의선황후를 합장한 건릉(健陵)을 합쳐 부르는 이름으로 대한민국 경기도 화성시 안녕동에 있다.,,드라마의 왕실 권력 축,,,조선왕릉 관람안내,경기 화성시 효행로 481번길 21,,,,
191,drama,이산,event,TRUE,임오화변(사도세자 사사),MBC,1752~1800,창경궁 문정전,임오화변은 1762년 사도세자가 뒤주에 갇혀 사망한 사건으로 당시 문정전은 왕대비 혼전으로 쓰이며 ‘휘령전’으로 불렸다. 오늘날 창경궁 문정전 일원을 답사할 수 있다.,,드라마 서사의 기저 사건,,,창경궁 관람안내,서울 종로구 창경궁로 185,37.5788,126.9948,,
192,drama,이산,place,TRUE,창덕궁(昌德宮),MBC,1752~1800,창덕궁,창덕궁은 조선 왕실의 생활과 정무가 이루어진 궁궐로 영조·사도세자 시기의 핵심 무대로 임오화변 전후 왕실 정치의 현장이다. 현재 유네스코 세계유산으로 일반 관람 가능하다,,궁중 생활 및 정치 전개 무대,,,궁능유적본부 관람안내,서울 종로구 율곡로 99,37.57944,126.99111,,
193,drama,왕도,person,TRUE,정조(正祖),KBS 1TV,1752~1800,건릉(융건릉),융건릉(隆健陵)은 사적 제206호로 지정된 문화재로 장조의황제(사도세자)와 그의 비 헌경의황후(혜경궁 홍씨)를 합장한 융릉(隆陵)과 그의 아들 정조선황제와 효의선황후를 합장한 건릉(健陵)을 합쳐 부르는 이름으로 대한민국 경기도 화성시 안녕동에 있다.,,정조 치세가 왕도의 시대,,,조선왕릉 관람안내,경기 화성시 효행로 481번길 21,,,,
194,drama,왕도,person,TRUE,홍국영(洪國榮),KBS 1TV,1752~1800,창덕궁,창덕궁은 조선 왕실의 생활과 정무가 이루어진 궁궐로 영조·사도세자 시기의 핵심 무대로 임오화변 전후 왕실 정치의 현장이다. 현재 유네스코 세계유산으로 일반 관람 가능하다,,정조초 권력구도,,,궁능유적본부 안내,서울 종로구 율곡로 99,37.57944,126.99111,,
195,drama,왕도,person,TRUE,혜경궁 홍씨,KBS 1TV,1752~1800,수원 화성행궁,"화성행궁은 화성유수부의 관아로 지어진 것임과 동시에 정조가 아버지 사도세자의 묘인 현륭원에 참배하기 위하여 수원에 거둥할 때에 머무는 행궁으로서 지어진 것이기도 하다. 평소에는 화성유수부의 관아로 사용되다가, 정조가 수원에 거둥하면 행궁으로 사용되었다. 따라서, 조선시대 전국 각지에 있던 다른 행궁이나 관아들보다 규모가 크고, 격식을 갖추어 조성되었는데, 건립 당시에는 건물 21동, 576칸 규모로 지어졌다.",,정조 효행 정치와 연결,,,수원화성행궁 안내,경기 수원시 팔달구 정조로 825,37.2811,127.0125,,
196,drama,왕도,event,TRUE,수원 화성 축성,KBS 1TV,1752~1800,수원 화성,"경기도 수원시 팔달구에 있는 조선 시대의 성곽으로, 정식 명칭은 화성(華城), 별칭으로는 수원성(水原城)으로 불린다. 1963년 1월 21일에 대한민국의 사적으로 지정되었고 1997년 12월 4일 이탈리아 나폴리에서 개최된 제21차 세계유산위원회(World Heritage Committee)에서 유네스코 세계유산으로 등재되었다",,정조 치세 성과,,,수원화성 방문안내,경기 수원시 팔달구 장안동 일원,37.287,127.0095,,
197,drama,왕도,place,TRUE,창덕궁(昌德宮),KBS 1TV,1752~1800,창덕궁,창덕궁은 조선 왕실의 생활과 정무가 이루어진 궁궐로 영조·사도세자 시기의 핵심 무대로 임오화변 전후 왕실 정치의 현장이다. 현재 유네스코 세계유산으로 일반 관람 가능하다,,왕도 서사의 배경,,,궁능유적본부 안내,서울 종로구 율곡로 99,37.57944,126.99111,,
198,drama,왕도,place,TRUE,수원 화성(華城),KBS 1TV,1752~1800,수원 화성,"경기도 수원시 팔달구에 있는 조선 시대의 성곽으로, 정식 명칭은 화성(華城), 별칭으로는 수원성(水原城)으로 불린다. 1963년 1월 21일에 대한민국의 사적으로 지정되었고 1997년 12월 4일 이탈리아 나폴리에서 개최된 제21차 세계유산위원회(World Heritage Committee)에서 유네스코 세계유산으로 등재되었다",,정조 개혁성과의 물적 증거,,,수원화성 방문안내,경기 수원시 팔달구 장안동 일원,37.287,127.0095,,
199,drama,홍국영,person,TRUE,홍국영,MBC,1748~1781,창덕궁,창덕궁은 조선 왕실의 생활과 정무가 이루어진 궁궐로 영조·사도세자 시기의 핵심 무대로 임오화변 전후 왕실 정치의 현장이다. 현재 유네스코 세계유산으로 일반 관람 가능하다,,정조 초기 권력구도,,,궁능유적본부,서울 종로구 율곡로 99,37.57944,126.99111,,
200,drama,홍국영,person,TRUE,정조,MBC,1748~1781,건릉(융건릉),융건릉(隆健陵)은 사적 제206호로 지정된 문화재로 장조의황제(사도세자)와 그의 비 헌경의황후(혜경궁 홍씨)를 합장한 융릉(隆陵)과 그의 아들 정조선황제와 효의선황후를 합장한 건릉(健陵)을 합쳐 부르는 이름으로 대한민국 경기도 화성시 안녕동에 있다.,,정조 초 권력 재편,,,조선왕릉,경기 화성시 효행로481번길21,,,,
201,drama,홍국영,place,TRUE,창덕궁,MBC,1748~1781,창덕궁,창덕궁은 조선 왕실의 생활과 정무가 이루어진 궁궐로 영조·사도세자 시기의 핵심 무대로 임오화변 전후 왕실 정치의 현장이다. 현재 유네스코 세계유산으로 일반 관람 가능하다,,드라마 배경궁,,,궁능유적본부,서울 종로구 율곡로 99,37.57944,126.99111,,
202,drama,홍국영,person,TRUE,혜경궁 홍씨,MBC,1748~1781,수원 화성행궁,"화성행궁은 화성유수부의 관아로 지어진 것임과 동시에 정조가 아버지 사도세자의 묘인 현륭원에 참배하기 위하여 수원에 거둥할 때에 머무는 행궁으로서 지어진 것이기도 하다. 평소에는 화성유수부의 관아로 사용되다가, 정조가 수원에 거둥하면 행궁으로 사용되었다. 따라서, 조선시대 전국 각지에 있던 다른 행궁이나 관아들보다 규모가 크고, 격식을 갖추어 조성되었는데, 건립 당시에는 건물 21동, 576칸 규모로 지어졌다.",,효행 정치와 연결,,,수원화성행궁,경기 수원시 팔달구 정조로 825,37.2811,127.0125,,
203,drama,홍국영,event,TRUE,수원 화성 축성,MBC,1748~1781,수원 화성,"경기도 수원시 팔달구에 있는 조선 시대의 성곽으로, 정식 명칭은 화성(華城), 별칭으로는 수원성(水原城)으로 불린다. 1963년 1월 21일에 대한민국의 사적으로 지정되었고 1997년 12월 4일 이탈리아 나폴리에서 개최된 제21차 세계유산위원회(World Heritage Committee)에서 유네스코 세계유산으로 등재되었다",,정조 치세 성과,,,수원화성,경기 수원시 팔달구 장안동,37.287,127.0095,,
204,drama,바람의 화원,person,TRUE,김홍도(단원),SBS,1745~1806,창덕궁,창덕궁은 조선 왕실의 생활과 정무가 이루어진 궁궐로 영조·사도세자 시기의 핵심 무대로 임오화변 전후 왕실 정치의 현장이다. 현재 유네스코 세계유산으로 일반 관람 가능하다,,정조대 궁중 도화 활동 배경,,,궁능유적본부 안내,서울 종로구 율곡로 99,37.57944,126.99111,,
205,drama,바람의 화원,person,TRUE,정조(正祖),SBS,1745~1806,건릉(융건릉),융건릉(隆健陵)은 사적 제206호로 지정된 문화재로 장조의황제(사도세자)와 그의 비 헌경의황후(혜경궁 홍씨)를 합장한 융릉(隆陵)과 그의 아들 정조선황제와 효의선황후를 합장한 건릉(健陵)을 합쳐 부르는 이름으로 대한민국 경기도 화성시 안녕동에 있다.,,정조대 미술·정치의 실질 배경,,,조선왕릉 안내,경기 화성시 효행로 481번길 21,,,,
206,drama,바람의 화원,place,TRUE,창덕궁(昌德宮),SBS,1745~1806,창덕궁,창덕궁은 조선 왕실의 생활과 정무가 이루어진 궁궐로 영조·사도세자 시기의 핵심 무대로 임오화변 전후 왕실 정치의 현장이다. 현재 유네스코 세계유산으로 일반 관람 가능하다,,드라마 배경 궁역,,,궁능유적본부 안내,서울 종로구 율곡로 99,37.57944,126.99111,,
207,drama,거상 김만덕,person,TRUE,정조(正祖),KBS 1TV,1752~1800,건릉(융건릉),융건릉(隆健陵)은 사적 제206호로 지정된 문화재로 장조의황제(사도세자)와 그의 비 헌경의황후(혜경궁 홍씨)를 합장한 융릉(隆陵)과 그의 아들 정조선황제와 효의선황후를 합장한 건릉(健陵)을 합쳐 부르는 이름으로 대한민국 경기도 화성시 안녕동에 있다.,,정조대 민생정책과 연결,,,조선왕릉 안내,경기 화성시 효행로 481번길 21,,,,
208,drama,거상 김만덕,place,TRUE,김만덕기념관,KBS 1TV,1752~1800,김만덕기념관,"김만덕기념관은 2015년 5월 개관을 한 1종 공립 박물관입니다. 나눔의 표상인 의인 김만덕의 숭고한 정신과 업적을 널리 알리고, 김만덕의 과거, 현재, 미래를 잇는 나눔실천 복합문화공간으로 활발한 활동을 펼치고 있다.",,드라마/역사 해설 기반 방문지,,,김만덕기념관 안내,제주특별자치도 제주시 중앙로 55,33.5133,126.5297,,
209,drama,성균관 스캔들,person,TRUE,정조(正祖),KBS 2TV,1752~1800,건릉(융건릉),융건릉(隆健陵)은 사적 제206호로 지정된 문화재로 장조의황제(사도세자)와 그의 비 헌경의황후(혜경궁 홍씨)를 합장한 융릉(隆陵)과 그의 아들 정조선황제와 효의선황후를 합장한 건릉(健陵)을 합쳐 부르는 이름으로 대한민국 경기도 화성시 안녕동에 있다.,,,,,조선왕릉 안내,경기 화성시 효행로 481번길 21,,,,
210,drama,성균관 스캔들,place,TRUE,성균관(成均館),KBS 2TV,1776~1800,성균관,성균관(成均館)은 한국의 옛 대학(大學)으로 그 명칭은 고려 충선왕 때 성균관으로 개명한 데서 비롯하였다. 공민왕 때는 국자감(國子監)이라 부르다가 곧 성균관으로 복귀하였다. 1894년 갑오개혁 이전까지 고려 말과 조선시대에 관리양성을 위한 최고 국립 교육기관으로 기능하였다.,,,,,성균관 관리,서울 종로구 명륜3가,37.5874,126.996,,
211,drama,정조암살미스터리 8일,person,TRUE,정조(正祖),CGV,1752~1800,건릉(융건릉),융건릉(隆健陵)은 사적 제206호로 지정된 문화재로 장조의황제(사도세자)와 그의 비 헌경의황후(혜경궁 홍씨)를 합장한 융릉(隆陵)과 그의 아들 정조선황제와 효의선황후를 합장한 건릉(健陵)을 합쳐 부르는 이름으로 대한민국 경기도 화성시 안녕동에 있다.,,정조 치세가 서사의 축,,,조선왕릉 관람안내,경기 화성시 효행로 481번길 21,,,,
212,drama,정조암살미스터리 8일,person,TRUE,혜경궁 홍씨,CGV,1752~1800,화성행궁,"화성행궁은 화성유수부의 관아로 지어진 것임과 동시에 정조가 아버지 사도세자의 묘인 현륭원에 참배하기 위하여 수원에 거둥할 때에 머무는 행궁으로서 지어진 것이기도 하다. 평소에는 화성유수부의 관아로 사용되다가, 정조가 수원에 거둥하면 행궁으로 사용되었다. 따라서, 조선시대 전국 각지에 있던 다른 행궁이나 관아들보다 규모가 크고, 격식을 갖추어 조성되었는데, 건립 당시에는 건물 21동, 576칸 규모로 지어졌다.",,정조의 효행 정치와 연결,,,수원화성행궁 안내,경기 수원시 팔달구 정조로 825,37.2811,127.0125,,
213,drama,정조암살미스터리 8일,event,TRUE,화성행궁,CGV,1752~1800,화성행궁,"화성행궁은 화성유수부의 관아로 지어진 것임과 동시에 정조가 아버지 사도세자의 묘인 현륭원에 참배하기 위하여 수원에 거둥할 때에 머무는 행궁으로서 지어진 것이기도 하다. 평소에는 화성유수부의 관아로 사용되다가, 정조가 수원에 거둥하면 행궁으로 사용되었다. 따라서, 조선시대 전국 각지에 있던 다른 행궁이나 관아들보다 규모가 크고, 격식을 갖추어 조성되었는데, 건립 당시에는 건물 21동, 576칸 규모로 지어졌다.",,정조의 대규모 원행과 궁중 연향,,,수원화성행궁 안내,경기 수원시 팔달구 정조로 825,37.2811,127.0125,,
214,drama,정조암살미스터리 8일,place,TRUE,수원 화성(華城),CGV,1752~1800,수원 화성,"수원 화성(水原 華城) 혹은 화성(華城)은 대한민국 경기도 수원시 팔달구 장안동에 있는 총 길이 6.74킬로미터의 성곽이다. 1963년 대한민국의 사적 제3호로 지정되었으며, 1997년 유네스코 세계문화유산으로 등록되었다.",,원행 행차·군사 시연 무대,,,수원화성 방문안내,경기 수원시 팔달구 장안동 일원,37.287,127.0095,,
215,drama,정조암살미스터리 8일,place,TRUE,화성행궁,CGV,1752~1800,화성행궁,"화성행궁은 화성유수부의 관아로 지어진 것임과 동시에 정조가 아버지 사도세자의 묘인 현륭원에 참배하기 위하여 수원에 거둥할 때에 머무는 행궁으로서 지어진 것이기도 하다. 평소에는 화성유수부의 관아로 사용되다가, 정조가 수원에 거둥하면 행궁으로 사용되었다. 따라서, 조선시대 전국 각지에 있던 다른 행궁이나 관아들보다 규모가 크고, 격식을 갖추어 조성되었는데, 건립 당시에는 건물 21동, 576칸 규모로 지어졌다.",,행차의 중심 무대,,,수원화성행궁 안내,경기 수원시 팔달구 정조로 825,37.2811,127.0125,,
216,drama,조선 추리활극 정약용,person,TRUE,정조,OCN,1752~1800,건릉(융건릉),융건릉(隆健陵)은 사적 제206호로 지정된 문화재로 장조의황제(사도세자)와 그의 비 헌경의황후(혜경궁 홍씨)를 합장한 융릉(隆陵)과 그의 아들 정조선황제와 효의선황후를 합장한 건릉(健陵)을 합쳐 부르는 이름으로 대한민국 경기도 화성시 안녕동에 있다.,,,,,조선왕릉 안내,경기 화성시 효행로 481번길 21,,,,
217,drama,조선 추리활극 정약용,place,TRUE,창덕궁,OCN,1776~1809,창덕궁,창덕궁은 조선 왕실의 생활과 정무가 이루어진 궁궐로 영조·사도세자 시기의 핵심 무대로 임오화변 전후 왕실 정치의 현장이다. 현재 유네스코 세계유산으로 일반 관람 가능하다,,,,,궁능유적본부,서울 종로구 율곡로 99,37.57944,126.99111,,
218,drama,한성별곡-正,person,TRUE,정조,KBS 2TV,1776~1800,건릉(융건릉),융건릉(隆健陵)은 사적 제206호로 지정된 문화재로 장조의황제(사도세자)와 그의 비 헌경의황후(혜경궁 홍씨)를 합장한 융릉(隆陵)과 그의 아들 정조선황제와 효의선황후를 합장한 건릉(健陵)을 합쳐 부르는 이름으로 대한민국 경기도 화성시 안녕동에 있다.,,,,,조선왕릉 안내,경기 화성시 효행로 481번길 21,,,,
219,drama,한성별곡-正,place,TRUE,창덕궁,KBS 2TV,1776~1800,창덕궁,창덕궁은 조선 왕실의 생활과 정무가 이루어진 궁궐로 영조·사도세자 시기의 핵심 무대로 임오화변 전후 왕실 정치의 현장이다. 현재 유네스코 세계유산으로 일반 관람 가능하다,,,,,궁능유적본부,서울 종로구 율곡로 99,37.57944,126.99111,,
